epoch,train_acc,test_acc,train_loss,test_loss
0,0.005739795918367347,0.006588735152035952,4.661735599543772,4.635898113250732
10,0.07270408163265306,0.0010626992443576455,4.193213942910538,5.226766109466553
20,0.39200680272108845,0.001487778965383768,2.860963449997156,5.869489669799805
30,0.9508928571428571,0.024017002433538437,0.5962358911832174,6.411179065704346
40,1.0,0.048671625554561615,0.06046424273933683,6.73407506942749
50,1.0,0.054835278540849686,0.025162844240766803,6.92512845993042
60,1.0,0.06142401695251465,0.014956568880957,7.045680999755859
70,1.0,0.062486715614795685,0.010121787974268806,7.140982151031494
80,1.0,0.06503719091415405,0.007405501365864358,7.224553108215332
90,1.0,0.06609988957643509,0.005656420512973857,7.300117015838623
100,1.0,0.06865037232637405,0.004481007921553794,7.3624420166015625
110,1.0,0.06971307098865509,0.003638917966714116,7.417790412902832
120,1.0,0.0692879930138588,0.003020181281010614,7.4698028564453125
130,1.0,0.07013814896345139,0.0025362504066481274,7.5168986320495605
140,1.0,0.07162592560052872,0.0021634783744685303,7.5675048828125
150,1.0,0.07311370968818665,0.0018623624389775756,7.610329627990723
160,1.0,0.07438894361257553,0.00162045716634337,7.648369312286377
170,1.0,0.07502656430006027,0.001419616553482606,7.686873912811279
180,1.0,0.07587672770023346,0.0012533537636441336,7.723621845245361
190,1.0,0.07630180567502975,0.0011117067829496702,7.75898551940918
200,1.0,0.07778958231210709,0.0009916449649905671,7.7924604415893555
210,1.0,0.07800212502479553,0.0008892908111867197,7.825710773468018
220,1.0,0.07906482368707657,0.0007998018733821302,7.854071617126465
230,1.0,0.07948990166187286,0.0007229371243441591,7.886302947998047
240,1.0,0.0801275223493576,0.0006549044901847231,7.9167351722717285
250,1.0,0.07970244437456131,0.00059539384444618,7.9448676109313965
260,1.0,0.0805526003241539,0.0005423599980030285,7.9721221923828125
270,1.0,0.08140276372432709,0.0004958483354080798,8.000957489013672
280,1.0,0.08140276372432709,0.000454620070926541,8.025219917297363
290,1.0,0.08119022101163864,0.00041677090192853545,8.054025650024414
300,1.0,0.08161529898643494,0.00038328234856270353,8.079301834106445
310,1.0,0.08204037696123123,0.0003530651607731243,8.104578971862793
320,1.0,0.08310308307409286,0.00032584499377681284,8.128098487854004
330,1.0,0.0845908597111702,0.0003011071999861422,8.151939392089844
340,1.0,0.08437831699848175,0.0002785225034149706,8.176233291625977
350,1.0,0.08544101566076279,0.0002582810199851183,8.19847583770752
360,1.0,0.08522848039865494,0.00023954176758954516,8.222123146057129
370,1.0,0.08607863634824753,0.00022249166934107918,8.244791030883789
380,1.0,0.08501593768596649,0.00020691207578393066,8.26940631866455
390,1.0,0.08607863634824753,0.0001925317344665971,8.290879249572754
400,1.0,0.08714133501052856,0.00017926803733409085,8.312596321105957
410,1.0,0.08692879974842072,0.00016721040461858622,8.333826065063477
420,1.0,0.08714133501052856,0.0001560432798202232,8.355148315429688
430,1.0,0.08735387772321701,0.0001456519117821198,8.373931884765625
440,1.0,0.08841657638549805,0.00013612533862493475,8.398088455200195
450,1.0,0.08862911909818649,0.00012732951117435558,8.419163703918457
460,1.0,0.08862911909818649,0.0001191917656790972,8.439071655273438
470,1.0,0.08884165436029434,0.00011154078382707271,8.460083961486816
480,1.0,0.08947927504777908,0.00010450152197391821,8.480335235595703
490,1.0,0.08926673233509064,9.796524514027611e-05,8.49925708770752
500,1.0,0.08969181776046753,9.181851684076231e-05,8.521830558776855
510,1.0,0.08969181776046753,8.617579813438411e-05,8.542752265930176
520,1.0,0.08969181776046753,8.087320045170494e-05,8.563189506530762
530,1.0,0.09011689573526382,7.593742358739025e-05,8.581093788146973
540,1.0,0.09054197371006012,7.134979228658577e-05,8.602311134338379
550,1.0,0.09096705168485641,6.705544632384363e-05,8.623550415039062
560,1.0,0.09032943099737167,6.305492892116942e-05,8.640512466430664
570,1.0,0.08990435302257538,5.927016534113965e-05,8.660158157348633
580,1.0,0.09160467237234116,5.577287546515015e-05,8.679004669189453
590,1.0,0.0918172150850296,5.249018216332211e-05,8.700956344604492
600,1.0,0.0918172150850296,4.9403662488243044e-05,8.719420433044434
610,1.0,0.09160467237234116,4.6542868706940986e-05,8.739253044128418
620,1.0,0.0922422930598259,4.3803121468731755e-05,8.757457733154297
630,1.0,0.09245483577251434,4.129295160544111e-05,8.774903297424316
640,1.0,0.0922422930598259,3.888350712958261e-05,8.795279502868652
650,1.0,0.09309244900941849,3.663773289493596e-05,8.813335418701172
660,1.0,0.09309244900941849,3.4548434513806346e-05,8.830708503723145
670,1.0,0.09351753443479538,3.25734735746491e-05,8.85057258605957
680,1.0,0.09373006969690323,3.0715480311393584e-05,8.869105339050293
690,1.0,0.09351753443479538,2.897035352163869e-05,8.889296531677246
700,1.0,0.09415515512228012,2.733023863590281e-05,8.908421516418457
710,1.0,0.09436769038438797,2.578669678076126e-05,8.927083969116211
720,1.0,0.09373006969690323,2.4345784398986877e-05,8.94684886932373
730,1.0,0.09521785378456116,2.2973571200661052e-05,8.96415901184082
740,1.0,0.095430389046669,2.168599591338231e-05,8.98312759399414
750,1.0,0.09521785378456116,2.0479334174908006e-05,9.00459098815918
760,1.0,0.09606800973415375,1.933060205182406e-05,9.022149085998535
770,1.0,0.09649308770895004,1.8259996154700363e-05,9.041449546813965
780,1.0,0.09606800973415375,1.724693972892983e-05,9.057796478271484
790,1.0,0.09606800973415375,1.6287556458597203e-05,9.078606605529785
800,1.0,0.09649308770895004,1.5388256456173533e-05,9.09571647644043
810,1.0,0.09649308770895004,1.4538752550827846e-05,9.114032745361328
820,1.0,0.09713070839643478,1.373514169245027e-05,9.133517265319824
830,1.0,0.09840594977140427,1.297934948549674e-05,9.152275085449219
840,1.0,0.09755578637123108,1.2264915096152218e-05,9.171435356140137
850,1.0,0.09798087179660797,1.1593864853864101e-05,9.189887046813965
860,1.0,0.09776832908391953,1.095996521806129e-05,9.207855224609375
870,1.0,0.09840594977140427,1.0360758331902072e-05,9.226788520812988
880,1.0,0.09755578637123108,9.79581262468286e-06,9.245689392089844
890,1.0,0.09861848503351212,9.26391297435985e-06,9.264472961425781
900,1.0,0.09840594977140427,8.757228056156175e-06,9.283251762390137
910,1.0,0.09819340705871582,8.28016702614156e-06,9.300222396850586
920,1.0,0.09840594977140427,7.83333896734945e-06,9.31930160522461
930,1.0,0.09883102774620056,7.40457959540943e-06,9.337240219116211
940,1.0,0.0998937264084816,7.00336653806232e-06,9.357260704040527
950,1.0,0.10010626912117004,6.62554378811742e-06,9.37417984008789
960,1.0,0.09968119114637375,6.2670821417439855e-06,9.39454174041748
970,1.0,0.09904357045888901,5.92914746597003e-06,9.411606788635254
980,1.0,0.0998937264084816,5.605657499509849e-06,9.427079200744629
990,1.0,0.0998937264084816,5.304645691510468e-06,9.447728157043457
1000,1.0,0.10010626912117004,5.01891492888649e-06,9.467791557312012
1010,1.0,0.10010626912117004,4.748972360113814e-06,9.482146263122559
1020,1.0,0.1003188043832779,4.492232669164667e-06,9.503190994262695
1030,1.0,0.10010626912117004,4.252953609082607e-06,9.520112037658691
1040,1.0,0.10053134709596634,4.021885365082013e-06,9.541021347045898
1050,1.0,0.10201912373304367,3.806681140186582e-06,9.556859016418457
1060,1.0,0.10180658847093582,3.6025512785346685e-06,9.576449394226074
1070,1.0,0.10138150304555893,3.408786228863478e-06,9.595067024230957
1080,1.0,0.10223166644573212,3.227514798090604e-06,9.613040924072266
1090,1.0,0.10223166644573212,3.0535925253345684e-06,9.63144302368164
1100,1.0,0.10265674442052841,2.890136433002752e-06,9.64955997467041
1110,1.0,0.10201912373304367,2.7349925174620983e-06,9.667465209960938
1120,1.0,0.10329436510801315,2.588642277272452e-06,9.685945510864258
1130,1.0,0.1035069078207016,2.4488302305373237e-06,9.704604148864746
1140,1.0,0.10329436510801315,2.317051506114923e-06,9.722877502441406
1150,1.0,0.10308182239532471,2.1925207042872e-06,9.741151809692383
1160,1.0,0.1035069078207016,2.074198741278216e-06,9.762042045593262
1170,1.0,0.10329436510801315,1.963479211999398e-06,9.78117847442627
1180,1.0,0.10414452105760574,1.855040555450874e-06,9.798591613769531
1190,1.0,0.10371944308280945,1.7560038413710596e-06,9.816142082214355
1200,1.0,0.10414452105760574,1.6635813037691132e-06,9.834061622619629
1210,1.0,0.10414452105760574,1.5725272966110857e-06,9.853045463562012
1220,1.0,0.10371944308280945,1.4878341260270713e-06,9.87307071685791
1230,1.0,0.10478214174509048,1.4058017912396523e-06,9.890954971313477
1240,1.0,0.10435706377029419,1.3295982664673835e-06,9.910040855407715
1250,1.0,0.10456960648298264,1.2600595405243426e-06,9.928013801574707
1260,1.0,0.10478214174509048,1.190318238557319e-06,9.946290969848633
1270,1.0,0.10520722717046738,1.1276725675453564e-06,9.963879585266113
1280,1.0,0.10520722717046738,1.0673583823344892e-06,9.983534812927246
1290,1.0,0.10478214174509048,1.009325085321513e-06,10.001479148864746
1300,1.0,0.10520722717046738,9.538765977725104e-07,10.017677307128906
1310,1.0,0.10563230514526367,9.000500049327468e-07,10.03795051574707
1320,1.0,0.10520722717046738,8.526856627399031e-07,10.057480812072754
1330,1.0,0.10520722717046738,8.044089403650717e-07,10.074993133544922
1340,1.0,0.10563230514526367,7.608459534723039e-07,10.093158721923828
1350,1.0,0.10669500380754471,7.197410623956209e-07,10.109832763671875
1360,1.0,0.10626992583274841,6.781039753898885e-07,10.129637718200684
1370,1.0,0.10584484040737152,6.406990626626076e-07,10.147761344909668
1380,1.0,0.10584484040737152,6.056763342656973e-07,10.168108940124512
1390,1.0,0.10456960648298264,5.715405116919466e-07,10.18166446685791
1400,1.0,0.10605738312005997,5.40597795088306e-07,10.19751262664795
1410,1.0,0.10584484040737152,5.089454982201268e-07,10.2169189453125
1420,1.0,0.10733262449502945,4.816773876932003e-07,10.231253623962402
1430,1.0,0.10690753906965256,4.5522027537061854e-07,10.246565818786621
1440,1.0,0.10733262449502945,4.294473538321858e-07,10.260807037353516
1450,1.0,0.1075451597571373,4.05093585089032e-07,10.276026725769043
1460,1.0,0.10626992583274841,3.828178696308822e-07,10.284770011901855
1470,1.0,0.10775770246982574,3.6132775980316796e-07,10.300626754760742
1480,1.0,0.10839532315731049,3.4092736035634107e-07,10.311901092529297
1490,1.0,0.10775770246982574,3.222502248356287e-07,10.324623107910156
1500,1.0,0.10733262449502945,3.057018266283231e-07,10.336566925048828
1510,1.0,0.10839532315731049,2.877342794926378e-07,10.346145629882812
1520,1.0,0.10988309979438782,2.7242765090519167e-07,10.357447624206543
1530,1.0,0.10860785841941833,2.5729841980069224e-07,10.366647720336914
1540,1.0,0.10818278044462204,2.4259999878070006e-07,10.376519203186035
1550,1.0,0.10818278044462204,2.296248378199231e-07,10.383309364318848
1560,1.0,0.10903294384479523,2.1596544034891354e-07,10.39364242553711
1570,1.0,0.10924547910690308,2.035224637164883e-07,10.399094581604004
1580,1.0,0.10924547910690308,1.9265070134178113e-07,10.408696174621582
1590,1.0,0.10882040113210678,1.8114538600188173e-07,10.41578483581543
1600,1.0,0.10860785841941833,1.7070444096211788e-07,10.421005249023438
1610,1.0,0.10988309979438782,1.6196141309731558e-07,10.424956321716309
1620,1.0,0.11009564250707626,1.513684123954615e-07,10.427425384521484
1630,1.0,0.11030817776918411,1.4295483313208952e-07,10.430140495300293
1640,1.0,0.11052072048187256,1.3416112075552196e-07,10.431903839111328
1650,1.0,0.11052072048187256,1.270906718217065e-07,10.431641578674316
1660,1.0,0.1115834191441536,1.1857572247140679e-07,10.43171501159668
1670,1.0,0.11264611780643463,1.1284840546224377e-07,10.427847862243652
1680,1.0,0.11243357509374619,1.0547385187464897e-07,10.42711353302002
1690,1.0,0.11307119578123093,1.0027871837212156e-07,10.423379898071289
1700,1.0,0.11349628120660782,9.477948132754836e-08,10.41528606414795
1710,1.0,0.11434643715620041,9.069940278193047e-08,10.411115646362305
1720,1.0,0.115196593105793,8.52001680574968e-08,10.403528213500977
1730,1.0,0.1147715151309967,8.063858969529244e-08,10.394153594970703
1740,1.0,0.11413389444351196,7.711603618714918e-08,10.386260986328125
1750,1.0,0.11455897986888885,7.318800909836861e-08,10.37350845336914
1760,1.0,0.11583421379327774,6.996956096904827e-08,10.360379219055176
1770,1.0,0.11562167853116989,6.713124455117252e-08,10.34903621673584
1780,1.0,0.11583421379327774,6.477442823990071e-08,10.333581924438477
1790,1.0,0.11710945516824722,6.239226976941875e-08,10.31605052947998
1800,1.0,0.11710945516824722,5.9528611289005354e-08,10.298297882080078
1810,1.0,0.11625929921865463,5.6994400274120656e-08,10.278020858764648
1820,1.0,0.11795961111783981,5.478963662809218e-08,10.260448455810547
1830,1.0,0.11774707585573196,5.34971889010194e-08,10.239236831665039
1840,1.0,0.11965993046760559,5.1393793698486483e-08,10.212185859680176
1850,1.0,0.11902231723070145,5.10643462571259e-08,10.188496589660645
1860,1.0,0.12072262912988663,4.9138345927382705e-08,10.167765617370605
1870,1.0,0.12263549119234085,4.820068784921687e-08,10.143046379089355
1880,1.0,0.1224229484796524,4.8327398403586325e-08,10.116622924804688
1890,1.0,0.12306056916713715,4.797260885135186e-08,10.088589668273926
1900,1.0,0.12327311187982559,4.6654819037573305e-08,10.064504623413086
1910,1.0,0.12412326782941818,4.5793188065408995e-08,10.036685943603516
1920,1.0,0.12497343122959137,4.467813480026788e-08,10.007366180419922
1930,1.0,0.12497343122959137,4.34110296674314e-08,9.9814453125
1940,1.0,0.12454835325479507,4.3233634480456124e-08,9.954846382141113
1950,1.0,0.12539850175380707,4.244802943005544e-08,9.924631118774414
1960,1.0,0.1256110519170761,4.267610767870873e-08,9.893842697143555
1970,1.0,0.1264612078666687,4.244802943005544e-08,9.867537498474121
1980,1.0,0.12624867260456085,4.338568794324744e-08,9.840415954589844
1990,1.0,0.1268862932920456,4.039531919848203e-08,9.809823036193848
2000,1.0,0.12752391397953033,4.206789774277896e-08,9.780047416687012
2010,1.0,0.1260361224412918,4.2219950794712226e-08,9.750452995300293
2020,1.0,0.12709882855415344,4.219460832131653e-08,9.721652030944824
2030,1.0,0.12837406992912292,4.1028871221117565e-08,9.69101619720459
2040,1.0,0.12794898450374603,4.1890504126731496e-08,9.659684181213379
2050,1.0,0.12837406992912292,4.744042447466391e-08,9.637338638305664
2060,1.0,0.12901169061660767,4.0192581973137224e-08,9.599973678588867
2070,1.0,0.12879914045333862,4.214392446209056e-08,9.570359230041504
2080,1.0,0.12986184656620026,4.0293951190012636e-08,9.537347793579102
2090,1.0,0.12986184656620026,4.1941188034293716e-08,9.506288528442383
2100,1.0,0.130499467253685,3.930560806838293e-08,9.480866432189941
2110,1.0,0.13219977915287018,4.148502924101572e-08,9.447279930114746
2120,1.0,0.1313496232032776,4.031929325255028e-08,9.412883758544922
2130,1.0,0.13347502052783966,4.1332977735842144e-08,9.38945484161377
2140,1.0,0.1313496232032776,4.115558165464642e-08,9.356786727905273
2150,1.0,0.1336875557899475,4.3030898246004246e-08,9.330159187316895
2160,1.0,0.13283739984035492,4.151037173857953e-08,9.287796020507812
2170,1.0,0.13390010595321655,4.221995045635854e-08,9.267424583435059
2180,1.0,0.13432517647743225,4.2346660962391753e-08,9.235786437988281
2190,1.0,0.1373007446527481,4.153571307607358e-08,9.203939437866211
2200,1.0,0.13623803853988647,4.262542490704816e-08,9.173517227172852
2210,1.0,0.1373007446527481,4.275213517140017e-08,9.139225006103516
2220,1.0,0.1377258151769638,4.2625424979552525e-08,9.112617492675781
2230,1.0,0.13793836534023285,4.4450056213260915e-08,9.075827598571777
2240,1.0,0.13878852128982544,4.4069924695161276e-08,9.052984237670898
2250,1.0,0.13963867723941803,4.706029440665149e-08,9.032842636108398
2260,1.0,0.13921359181404114,4.490621463193305e-08,8.989453315734863
2270,1.0,0.13942614197731018,4.508360898510818e-08,8.949459075927734
2280,1.0,0.1413390040397644,4.7440425248043765e-08,8.917223930358887
2290,1.0,0.1417640745639801,4.868218877753688e-08,8.876296043395996
2300,1.0,0.142189159989357,4.690824116137326e-08,8.858111381530762
2310,1.0,0.1409139186143875,4.741508391054972e-08,8.810304641723633
2320,1.0,0.14155153930187225,4.822603148268234e-08,8.78916072845459
2330,1.0,0.14410202205181122,4.9163689222494485e-08,8.736766815185547
2340,1.0,0.1426142305135727,4.908766274486409e-08,8.68759822845459
2350,1.0,0.14303931593894958,5.0456136079514936e-08,8.675421714782715
2360,1.0,0.14473962783813477,5.015203154657622e-08,8.6267728805542
2370,1.0,0.14197660982608795,5.1951320234384554e-08,8.61330509185791
2380,1.0,0.14112645387649536,5.164721531475591e-08,8.578131675720215
2390,1.0,0.1413390040397644,4.961984591314602e-08,8.530069351196289
2400,1.0,0.1417640745639801,5.276226822945928e-08,8.502542495727539
2410,1.0,0.14240169525146484,5.08109250879667e-08,8.498065948486328
2420,1.0,0.1417640745639801,5.250884698779571e-08,8.439303398132324
2430,1.0,0.14452709257602692,5.369992590885112e-08,8.411391258239746
2440,1.0,0.14410202205181122,5.3978688741774e-08,8.353513717651367
2450,1.0,0.14282678067684174,5.496703029247588e-08,8.364324569702148
2460,1.0,0.14197660982608795,5.585400533313182e-08,8.330144882202148
2470,1.0,0.14473962783813477,5.679166304877585e-08,8.27489948272705
2480,1.0,0.1426142305135727,5.889505851715809e-08,8.305466651916504
2490,1.0,0.14452709257602692,5.874300558606542e-08,8.244176864624023
2500,1.0,0.14558979868888855,5.978203251858487e-08,8.202232360839844
2510,1.0,0.14750264585018158,6.216419014318261e-08,8.17607307434082
2520,0.01020408163265306,0.00807651411741972,5.341471636376413,5.288536071777344
2530,0.022108843537414966,0.00807651411741972,4.516418972793891,4.76438570022583
2540,0.5831207482993197,0.08862911909818649,1.5545160973153147,5.773037910461426
2550,0.9991496598639455,0.23103080689907074,0.021487335199300125,7.0718183517456055
2560,1.0,0.23910732567310333,0.002121775347714116,7.558345317840576
2570,1.0,0.24314558506011963,0.001353784822256995,7.754778861999512
2580,1.0,0.24420827627182007,0.001000063765483598,7.904342174530029
2590,1.0,0.2456960678100586,0.000786675310132987,8.02047061920166
2600,1.0,0.24675875902175903,0.0006434591300943929,8.121870040893555
2610,1.0,0.24675875902175903,0.0005396853641014495,8.211668014526367
2620,1.0,0.24739637970924377,0.00046071319323711,8.296881675720215
2630,1.0,0.24739637970924377,0.00039928947531041645,8.370465278625488
2640,1.0,0.2488841563463211,0.0003495590179623263,8.437163352966309
2650,1.0,0.24803400039672852,0.0003090862067555692,8.500961303710938
2660,1.0,0.24867162108421326,0.0002753132176949788,8.56173324584961
2670,1.0,0.24867162108421326,0.00024692213331463234,8.620259284973145
2680,1.0,0.2488841563463211,0.00022247468695902982,8.677680015563965
2690,1.0,0.2512221038341522,0.00020153688894090604,8.7253999710083
2700,1.0,0.25185972452163696,0.00018315520412747933,8.775705337524414
2710,1.0,0.25185972452163696,0.00016718352980496756,8.821125984191895
2720,1.0,0.25185972452163696,0.0001531075602072627,8.866453170776367
2730,1.0,0.25228479504585266,0.0001406555109460154,8.912487983703613
2740,1.0,0.25313496589660645,0.00012953463411410055,8.952841758728027
2750,1.0,0.25228479504585266,0.00011956934620338004,8.996522903442383
2760,1.0,0.25270986557006836,0.00011062088495137829,9.034845352172852
2770,1.0,0.25356003642082214,0.00010257063561822383,9.07375431060791
2780,1.0,0.2537725865840912,9.530377646529616e-05,9.110867500305176
2790,1.0,0.2537725865840912,8.870416984506914e-05,9.14672565460205
2800,1.0,0.2546227276325226,8.269938889559878e-05,9.181063652038574
2810,1.0,0.2541976571083069,7.721817565980513e-05,9.214652061462402
2820,1.0,0.25547289848327637,7.221448119590376e-05,9.247395515441895
2830,1.0,0.2556854486465454,6.764835990263707e-05,9.278026580810547
2840,1.0,0.2561105191707611,6.339617479801634e-05,9.309189796447754
2850,1.0,0.25759828090667725,5.950778764834925e-05,9.338068962097168
2860,1.0,0.2573857605457306,5.596000314622858e-05,9.366580963134766
2870,1.0,0.258235901594162,5.265432242149658e-05,9.392756462097168
2880,1.0,0.258235901594162,4.962155004732824e-05,9.421185493469238
2890,1.0,0.258235901594162,4.67990360194643e-05,9.445033073425293
2900,1.0,0.25844845175743103,4.41921157926736e-05,9.4696044921875
2910,1.0,0.25887352228164673,4.1754989069886506e-05,9.494450569152832
2920,1.0,0.25993624329566956,3.948823300282927e-05,9.517434120178223
2930,1.0,0.25993624329566956,3.7377819520473596e-05,9.5394926071167
2940,1.0,0.25951114296913147,3.540887651595978e-05,9.560036659240723
2950,1.0,0.25993624329566956,3.356834431357054e-05,9.581470489501953
2960,1.0,0.2597236931324005,3.184326323250952e-05,9.602274894714355
2970,1.0,0.25951114296913147,3.0229064825206334e-05,9.621278762817383
2980,1.0,0.25993624329566956,2.8724814304344665e-05,9.640105247497559
2990,1.0,0.2597236931324005,2.7302207774086697e-05,9.658577919006348
3000,1.0,0.25951114296913147,2.596530123432816e-05,9.675302505493164
3010,1.0,0.2597236931324005,2.4715054381403558e-05,9.69253921508789
3020,1.0,0.25951114296913147,2.3531452998646446e-05,9.709622383117676
3030,1.0,0.2592986226081848,2.2415991726138973e-05,9.725993156433105
3040,1.0,0.2592986226081848,2.1364514655683058e-05,9.742691993713379
3050,1.0,0.2597236931324005,2.036191714675321e-05,9.757954597473145
3060,1.0,0.25951114296913147,1.9421277510427526e-05,9.771514892578125
3070,1.0,0.25951114296913147,1.851956103007756e-05,9.787822723388672
3080,1.0,0.26036131381988525,1.7668347726346368e-05,9.803049087524414
3090,1.0,0.26099893450737,1.686340622153675e-05,9.815473556518555
3100,1.0,0.2605738639831543,1.61029629143617e-05,9.829724311828613
3110,1.0,0.26078638434410095,1.5377336530698713e-05,9.842720985412598
3120,1.0,0.26121148467063904,1.4686250237684276e-05,9.854689598083496
3130,1.0,0.2622741758823395,1.4028716126087021e-05,9.86877155303955
3140,1.0,0.26248669624328613,1.3396294041765224e-05,9.883000373840332
3150,1.0,0.2618490755558014,1.2803429012665158e-05,9.89536190032959
3160,1.0,0.26248669624328613,1.2233624370217476e-05,9.906495094299316
3170,1.0,0.2629117965698242,1.1689363133950638e-05,9.918785095214844
3180,1.0,0.2633368670940399,1.1176449154591945e-05,9.930185317993164
3190,1.0,0.2626992464065552,1.0681603271223139e-05,9.942585945129395
3200,1.0,0.2631243169307709,1.0211920903666582e-05,9.954946517944336
3210,1.0,0.2637619376182556,9.762537121453218e-06,9.966752052307129
3220,1.0,0.2646121084690094,9.332184868535664e-06,9.977581977844238
3230,1.0,0.2654622793197632,8.919824264556736e-06,9.98806095123291
3240,1.0,0.26567479968070984,8.529460359147756e-06,9.999747276306152
3250,1.0,0.2654622793197632,8.153692668164862e-06,10.00893497467041
3260,1.0,0.2663124203681946,7.797894634795058e-06,10.019593238830566
3270,1.0,0.2663124203681946,7.457554305319161e-06,10.032379150390625
3280,1.0,0.2665249705314636,7.1258809870426926e-06,10.04235553741455
3290,1.0,0.267375111579895,6.812909806304022e-06,10.054109573364258
3300,1.0,0.2682252824306488,6.510556323475958e-06,10.063600540161133
3310,1.0,0.26801273226737976,6.224852332168814e-06,10.074699401855469
3320,1.0,0.2682252824306488,5.9489811015353766e-06,10.085068702697754
3330,1.0,0.2690754532814026,5.6856283106531105e-06,10.095866203308105
3340,1.0,0.26928797364234924,5.436568368217578e-06,10.106966972351074
3350,1.0,0.2695005238056183,5.197949189850926e-06,10.117883682250977
3360,1.0,0.27077576518058777,4.9691878853484175e-06,10.124987602233887
3370,1.0,0.270138144493103,4.74754757169958e-06,10.13667106628418
3380,1.0,0.2705632150173187,4.537488410921908e-06,10.147183418273926
3390,1.0,0.27077576518058777,4.337718020324741e-06,10.156012535095215
3400,1.0,0.27120083570480347,4.143066703642146e-06,10.167295455932617
3410,1.0,0.27162593603134155,3.95954031377756e-06,10.178009986877441
3420,1.0,0.2722635567188263,3.7831856747796176e-06,10.186601638793945
3430,1.0,0.27205100655555725,3.6146869787858834e-06,10.196703910827637
3440,1.0,0.2718384563922882,3.4520169868542604e-06,10.20732593536377
3450,1.0,0.27290114760398865,3.2988499879757246e-06,10.216938018798828
3460,1.0,0.2722635567188263,3.150219398633942e-06,10.22620677947998
3470,1.0,0.27375131845474243,3.007746648350172e-06,10.236842155456543
3480,1.0,0.2739638686180115,2.8723191208963213e-06,10.246098518371582
3490,1.0,0.2743889391422272,2.7431002636644023e-06,10.255681991577148
3500,1.0,0.27481400966644287,2.6183668966400143e-06,10.266292572021484
3510,1.0,0.2746014893054962,2.5012361195685223e-06,10.275275230407715
3520,1.0,0.2750265598297119,2.38471362121543e-06,10.284557342529297
3530,1.0,0.2763018012046814,2.2784038218541894e-06,10.294302940368652
3540,1.0,0.2763018012046814,2.172955694478413e-06,10.305392265319824
3550,1.0,0.2763018012046814,2.0726012262086296e-06,10.314447402954102
3560,1.0,0.27608925104141235,1.976985769794496e-06,10.324228286743164
3570,1.0,0.27651435136795044,1.8883139550873275e-06,10.335062026977539
3580,1.0,0.27651435136795044,1.8012640772386e-06,10.343932151794434
3590,1.0,0.27651435136795044,1.7177620616568836e-06,10.353565216064453
3600,1.0,0.27693942189216614,1.6394298003445879e-06,10.362458229064941
3610,1.0,0.27736449241638184,1.563276955153788e-06,10.372773170471191
3620,1.0,0.2782146632671356,1.4905452438878933e-06,10.381698608398438
3630,1.0,0.2780021131038666,1.4201196871395382e-06,10.393280982971191
3640,1.0,0.2786397337913513,1.3544330850167244e-06,10.401127815246582
3650,1.0,0.27885228395462036,1.28998820224408e-06,10.41117000579834
3660,1.0,0.2794899046421051,1.2290912552095326e-06,10.420839309692383
3670,1.0,0.27927735447883606,1.1716408089589194e-06,10.429028511047363
3680,1.0,0.27927735447883606,1.1160149567956136e-06,10.43959903717041
3690,1.0,0.2803400456905365,1.064976073489963e-06,10.449139595031738
3700,1.0,0.28055259585380554,1.0140385276926138e-06,10.460386276245117
3710,1.0,0.28097766637802124,9.658631958026039e-07,10.467880249023438
3720,1.0,0.281827837228775,9.195632319337115e-07,10.478111267089844
3730,1.0,0.2822529077529907,8.76202929724795e-07,10.487224578857422
3740,1.0,0.28246545791625977,8.350727429400291e-07,10.496898651123047
3750,1.0,0.28246545791625977,7.934103617729734e-07,10.507418632507324
3760,1.0,0.28289052844047546,7.559800961075006e-07,10.517455101013184
3770,1.0,0.28246545791625977,7.208813390578292e-07,10.525388717651367
3780,1.0,0.28374069929122925,6.85681147440685e-07,10.534507751464844
3790,1.0,0.28416576981544495,6.527111048897149e-07,10.543843269348145
3800,1.0,0.284378319978714,6.213376338849162e-07,10.55224895477295
3810,1.0,0.284378319978714,5.922702439265715e-07,10.560720443725586
3820,1.0,0.28544101119041443,5.639884501247592e-07,10.57186508178711
3830,1.0,0.2858660817146301,5.363655558459472e-07,10.580899238586426
3840,1.0,0.28607863187789917,5.116823777503903e-07,10.590982437133789
3850,1.0,0.2862911820411682,4.871766160855865e-07,10.600913047790527
3860,1.0,0.28650370240211487,4.6441940593449173e-07,10.607972145080566
3870,1.0,0.2862911820411682,4.425745036543686e-07,10.618980407714844
3880,1.0,0.2862911820411682,4.222247957763981e-07,10.625454902648926
3890,1.0,0.28607863187789917,4.02711377170576e-07,10.633622169494629
3900,1.0,0.2862911820411682,3.8451576495786296e-07,10.639195442199707
3910,1.0,0.28607863187789917,3.6725781065413895e-07,10.648773193359375
3920,1.0,0.2862911820411682,3.5192583357543514e-07,10.654831886291504
3930,1.0,0.28692880272865295,3.3664454381199854e-07,10.662659645080566
3940,1.0,0.2875664234161377,3.229598035534077e-07,10.665155410766602
3950,1.0,0.2871413230895996,3.1059285383363903e-07,10.668417930603027
3960,1.0,0.28735387325286865,2.9967040462702706e-07,10.673420906066895
3970,1.0,0.28777894377708435,2.8938150741888254e-07,10.671924591064453
3980,1.0,0.2884165644645691,2.8020766270249925e-07,10.673333168029785
3990,1.0,0.2888416647911072,2.715406615570085e-07,10.67170524597168
4000,1.0,0.28905418515205383,2.643688432129727e-07,10.669845581054688
4010,1.0,0.2896918058395386,2.586668692330721e-07,10.665445327758789
4020,1.0,0.2901168763637543,2.501519230729643e-07,10.66293716430664
4030,1.0,0.2911795973777771,2.4295476532488405e-07,10.65650749206543
4040,1.0,0.2916046679019928,2.359603535510081e-07,10.652606010437012
4050,1.0,0.29181721806526184,2.3081590813712773e-07,10.641366004943848
4060,1.0,0.2924548387527466,2.252406497385656e-07,10.632780075073242
4070,1.0,0.29266735911369324,2.2085646765090194e-07,10.62207317352295
4080,1.0,0.2930924594402313,2.1576270336524993e-07,10.610308647155762
4090,1.0,0.293517529964447,2.116065971819319e-07,10.595529556274414
4100,1.0,0.2939426004886627,2.0582859599935731e-07,10.582812309265137
4110,1.0,0.29415515065193176,2.0552449066887062e-07,10.563553810119629
4120,1.0,0.29543039202690125,1.9956909442016138e-07,10.545952796936035
4130,1.0,0.29585546255111694,1.9774446243724125e-07,10.525115966796875
4140,1.0,0.2952178418636322,1.927013824700095e-07,10.507837295532227
4150,1.0,0.2956429123878479,1.8915348694766484e-07,10.4862699508667
4160,1.0,0.296068012714386,1.8732885486807224e-07,10.46722412109375
4170,1.0,0.296068012714386,1.83679590902232e-07,10.44595718383789
4180,1.0,0.296068012714386,1.7980224813187168e-07,10.424647331237793
4190,1.0,0.2969181537628174,1.771413262967682e-07,10.396024703979492
4200,1.0,0.29734325408935547,1.7209824632953648e-07,10.375951766967773
4210,1.0,0.2984059453010559,1.698427985584327e-07,10.347467422485352
4220,1.0,0.2984059453010559,1.657880609152827e-07,10.324946403503418
4230,1.0,0.2988310158252716,1.6191071775823248e-07,10.298937797546387
4240,1.0,0.2992561161518097,1.6028882266230348e-07,10.271547317504883
4250,1.0,0.30074387788772583,1.5684229597014427e-07,10.242483139038086
4260,1.0,0.30074387788772583,1.5592998258884122e-07,10.215115547180176
4270,1.0,0.3015940487384796,1.5210332114005427e-07,10.180268287658691
4280,1.0,0.3028692901134491,1.494930853634757e-07,10.148860931396484
4290,1.0,0.3028692901134491,1.4576779806186072e-07,10.116483688354492
4300,1.0,0.3041445314884186,1.4622395760435044e-07,10.08632755279541
4310,1.0,0.3047821521759033,1.438924803104331e-07,10.044580459594727
4320,1.0,0.3047821521759033,1.3940693142270606e-07,10.007522583007812
4330,1.0,0.30541977286338806,1.3649258702877645e-07,9.971013069152832
4340,1.0,0.30626991391181946,1.354789058806852e-07,9.930910110473633
4350,1.0,0.3064824640750885,1.3155088024199186e-07,9.890226364135742
4360,1.0,0.3064824640750885,1.2762285450662603e-07,9.849205017089844
4370,1.0,0.307757705450058,1.3162690647794103e-07,9.809107780456543
4380,1.0,0.31030818819999695,1.2612766851497927e-07,9.764937400817871
4390,1.0,0.3109458088874817,1.2265580222543068e-07,9.722050666809082
4400,1.0,0.31200850009918213,1.2339072266739366e-07,9.674605369567871
4410,1.0,0.31264612078666687,1.2149006435185188e-07,9.625799179077148
4420,1.0,0.31307119131088257,1.1948803846286684e-07,9.577579498291016
4430,1.0,0.3154091238975525,1.1908256459221213e-07,9.536053657531738
4440,1.0,0.31519660353660583,1.1705519591564584e-07,9.485312461853027
4450,1.0,0.31795960664749146,1.178154590485176e-07,9.441777229309082
4460,1.0,0.3190222978591919,1.1409016875005568e-07,9.3840913772583
4470,1.0,0.3200850188732147,1.1477440584032321e-07,9.335968971252441
4480,1.0,0.3202975392341614,1.1436893124462486e-07,9.282066345214844
4490,1.0,0.32114771008491516,1.1066898392708917e-07,9.233978271484375
4500,1.0,0.3222104012966156,1.1282306325469739e-07,9.183792114257812
4510,1.0,0.32476088404655457,1.0899640465774864e-07,9.126570701599121
4520,1.0,0.3253985047340393,1.0998474693349412e-07,9.07425594329834
4530,1.0,0.3253985047340393,1.0841353601097667e-07,9.023555755615234
4540,1.0,0.3275239169597626,1.0504303521641298e-07,8.950119972229004
4550,1.0,0.328586608171463,1.0509371972817821e-07,8.90507984161377
4560,1.0,0.3302869200706482,1.0321840333016534e-07,8.832839965820312
4570,1.0,0.3315621614456177,1.0096295531738036e-07,8.781229972839355
4580,1.0,0.33134961128234863,1.0146979767986689e-07,8.720684051513672
4590,1.0,0.33241233229637146,9.931571820724995e-08,8.652440071105957
4600,1.0,0.3347502648830414,1.020273248441361e-07,8.596741676330566
4610,1.0,0.33411264419555664,1.0126706088954825e-07,8.541025161743164
4620,1.0,0.3362380266189575,9.847942850007533e-08,8.472615242004395
4630,1.0,0.3392135798931122,9.711095557628253e-08,8.411737442016602
4640,1.0,0.33815088868141174,9.437400832694595e-08,8.355057716369629
4650,1.0,0.3415515422821045,9.270142823588933e-08,8.283547401428223
4660,1.0,0.3432518541812897,9.361374422734939e-08,8.221113204956055
4670,1.0,0.3443145453929901,9.133295342698314e-08,8.160688400268555
4680,1.0,0.3451647162437439,8.933092884307661e-08,8.105154037475586
4690,1.0,0.3468650281429291,8.712616543872934e-08,8.040895462036133
4700,1.0,0.34856534004211426,8.958434942011688e-08,7.991098880767822
4710,1.0,0.34941551089286804,8.725287599309879e-08,7.931092262268066
4720,1.0,0.34814026951789856,8.190569137208773e-08,7.860751628875732
4730,1.0,0.35026565194129944,8.355292780551076e-08,7.822803020477295
4740,1.0,0.35132837295532227,8.309677135654044e-08,7.755396366119385
4750,1.0,0.35302868485450745,8.291937653208696e-08,7.71189546585083
4760,1.0,0.35387885570526123,8.228582216514375e-08,7.645071029663086
4770,1.0,0.35260361433029175,7.800300856931189e-08,7.594377040863037
4780,1.0,0.35536661744117737,7.899134929829768e-08,7.54626989364624
4790,1.0,0.35579168796539307,7.800300702255219e-08,7.483297348022461
4800,1.0,0.35494154691696167,7.612769163960037e-08,7.445861339569092
4810,1.0,0.3555791676044464,7.470853265728266e-08,7.381900310516357
4820,1.0,0.3581296503543854,7.42270347741458e-08,7.331326484680176
4830,1.0,0.36025503277778625,7.204761091885167e-08,7.2866010665893555
4840,1.0,0.35982996225357056,6.918395326015436e-08,7.255250453948975
4850,1.0,0.36068013310432434,7.199692829219981e-08,7.212481498718262
4860,1.0,0.36344313621520996,6.933600737548492e-08,7.146356105804443
4870,1.0,0.3657810688018799,6.664974367118876e-08,7.09857702255249
4880,1.0,0.36705631017684937,6.599084874013136e-08,7.04779577255249
4890,1.0,0.3655685484409332,6.401416336692429e-08,7.014265060424805
4900,1.0,0.3693942427635193,6.421690184901135e-08,6.951837539672852
4910,1.0,0.3693942427635193,6.520524257799715e-08,6.925590515136719
4920,1.0,0.37151965498924255,6.548400744104212e-08,6.892368316650391
4930,1.0,0.3742826581001282,6.373540092069135e-08,6.828857898712158
4940,1.0,0.3717322051525116,6.19614532803596e-08,6.792891025543213
4950,1.0,0.375345379114151,6.132790111271534e-08,6.758557319641113
4960,1.0,0.3757704496383667,6.201213822715099e-08,6.695385456085205
4970,1.0,0.3742826581001282,6.03649008995075e-08,6.676764011383057
4980,1.0,0.3776833117008209,6.221487504163776e-08,6.61805534362793
4990,1.0,0.37683314085006714,6.150529600967318e-08,6.600154876708984
5000,1.0,0.3766206204891205,6.15052944870816e-08,6.553657054901123
5010,1.0,0.3770456910133362,5.8084111017529835e-08,6.46980619430542
5020,1.0,0.381721556186676,5.9351215691172035e-08,6.432737827301025
5030,1.0,0.3785334527492523,5.8185479364352915e-08,6.473305702209473
5040,1.0,0.3810839354991913,5.658892642763405e-08,6.390079021453857
5050,1.0,0.3829967975616455,5.501771552928471e-08,6.347724437713623
5060,1.0,0.38193410634994507,5.587934739566947e-08,6.323294639587402
5070,1.0,0.38320934772491455,5.5473873525014744e-08,6.268370628356934
5080,1.0,0.3878852128982544,5.6335504545515294e-08,6.257727146148682
5090,1.0,0.3874601423740387,5.4181425217907074e-08,6.2389116287231445
5100,1.0,0.39086076617240906,5.6867689647246846e-08,6.186374187469482
5110,1.0,0.387035071849823,5.6867689719751206e-08,6.168237686157227
5120,1.0,0.3897980749607086,5.7222478522773946e-08,6.1413187980651855
5130,1.0,0.3874601423740387,5.6082083412608266e-08,6.107237339019775
5140,1.0,0.39128586649894714,5.7095767992572616e-08,6.051036834716797
5150,1.0,0.3927736282348633,5.461223880679179e-08,6.046872615814209
5160,1.0,0.3929861783981323,5.646221517238911e-08,6.009255409240723
5170,1.0,0.3951115608215332,5.5144423932691463e-08,5.958948612213135
5180,1.0,0.3951115608215332,5.689302953465367e-08,5.9539690017700195
5190,1.0,0.3946864902973175,5.587934551055609e-08,5.937493801116943
5200,1.0,0.3978745937347412,5.456155690518356e-08,5.881441116333008
5210,0.009566326530612245,0.010839532129466534,5.29601407862034,5.2394022941589355
5220,0.1324404761904762,0.07226354628801346,3.4542606395929036,3.679340362548828
5230,1.0,0.8695005178451538,0.017607937921725568,0.3922228515148163
5240,1.0,0.8935174942016602,0.0025078024933760873,0.3296012580394745
5250,1.0,0.8947927355766296,0.0015166579994379359,0.3284582793712616
5260,1.0,0.8950052857398987,0.0010663579910245983,0.3291738033294678
5270,1.0,0.8960679769515991,0.0008059621247665666,0.3278752267360687
5280,1.0,0.8967056274414062,0.0006388920770330848,0.32930195331573486
5290,1.0,0.8960679769515991,0.0005228212089388675,0.3305715322494507
5300,1.0,0.8973432183265686,0.0004371352868747017,0.33217453956604004
5310,1.0,0.8977683186531067,0.0003723276155006115,0.33371588587760925
5320,1.0,0.8971306681632996,0.00032135251363847074,0.3350105881690979
5330,1.0,0.8967056274414062,0.00028046505897128514,0.3368735909461975
5340,1.0,0.8969181776046753,0.0002470775717254855,0.33809661865234375
5350,1.0,0.8964930772781372,0.00021900552511848763,0.3393975794315338
5360,1.0,0.8971306681632996,0.00019553320735398377,0.34068068861961365
5370,1.0,0.898193359375,0.00017551763369670124,0.3416695296764374
5380,1.0,0.8977683186531067,0.00015825573796466577,0.3431888222694397
5390,1.0,0.8975557684898376,0.00014333883120257052,0.3441867530345917
5400,1.0,0.8990435600280762,0.00013028363752468699,0.34564486145973206
5410,1.0,0.8990435600280762,0.00011869623747671682,0.34623831510543823
5420,1.0,0.8988310098648071,0.00010856909786872122,0.34818145632743835
5430,1.0,0.8990435600280762,9.951416733096588e-05,0.3488992750644684
5440,1.0,0.8992561101913452,9.141585406123464e-05,0.34993886947631836
5450,1.0,0.8988310098648071,8.416051057137257e-05,0.35110390186309814
5460,1.0,0.8992561101913452,7.761821805516916e-05,0.3524475693702698
5470,1.0,0.8992561101913452,7.174917836087522e-05,0.3541118800640106
5480,1.0,0.9001062512397766,6.638036441528333e-05,0.3555234372615814
5490,1.0,0.9001062512397766,6.154080637359238e-05,0.35688117146492004
5500,1.0,0.8990435600280762,5.7102911558190716e-05,0.3586496412754059
5510,1.0,0.8986184597015381,5.3093367463910674e-05,0.35971057415008545
5520,1.0,0.898405909538269,4.938682488290131e-05,0.3604418635368347
5530,1.0,0.8988310098648071,4.5990146874556264e-05,0.36186543107032776
5540,1.0,0.8990435600280762,4.29021851739729e-05,0.36283236742019653
5550,1.0,0.8994686007499695,4.002112874164892e-05,0.3641742169857025
5560,1.0,0.8986184597015381,3.738007432488934e-05,0.36494991183280945
5570,1.0,0.8986184597015381,3.494086440139431e-05,0.3659559488296509
5580,1.0,0.8986184597015381,3.268565923877561e-05,0.3675295114517212
5590,1.0,0.8992561101913452,3.0589205534914095e-05,0.3687220811843872
5600,1.0,0.8996811509132385,2.8655499560033053e-05,0.36988553404808044
5610,1.0,0.8994686007499695,2.68486158031975e-05,0.3707447946071625
5620,1.0,0.8996811509132385,2.5167973808802467e-05,0.37180295586586
5630,1.0,0.8996811509132385,2.3604221471750058e-05,0.372830867767334
5640,1.0,0.8994686007499695,2.215665217034034e-05,0.37423041462898254
5650,1.0,0.8992561101913452,2.0802814056494965e-05,0.37528565526008606
5660,1.0,0.8992561101913452,1.953677910561816e-05,0.3759933114051819
5670,1.0,0.8998937010765076,1.8346002143764153e-05,0.377804696559906
5680,1.0,0.8988310098648071,1.7244551247354044e-05,0.37883278727531433
5690,1.0,0.8988310098648071,1.6211365501247474e-05,0.37966299057006836
5700,1.0,0.898405909538269,1.5253517012504646e-05,0.38075265288352966
5710,1.0,0.898405909538269,1.435978054384769e-05,0.38242313265800476
5720,1.0,0.8986184597015381,1.3513937515539647e-05,0.38394811749458313
5730,1.0,0.8986184597015381,1.2726200309486625e-05,0.38493436574935913
5740,1.0,0.8986184597015381,1.198585086472833e-05,0.3862890601158142
5750,1.0,0.898405909538269,1.1291824026854129e-05,0.387358695268631
5760,1.0,0.8988310098648071,1.064368952443858e-05,0.3887571692466736
5770,1.0,0.8986184597015381,1.00340229109366e-05,0.38982534408569336
5780,1.0,0.8986184597015381,9.456818038013646e-06,0.3906935453414917
5790,1.0,0.898405909538269,8.92112194025908e-06,0.39195701479911804
5800,1.0,0.8973432183265686,8.413833123760466e-06,0.3927726745605469
5810,1.0,0.8975557684898376,7.936016155159746e-06,0.3946059048175812
5820,1.0,0.8973432183265686,7.484680891200721e-06,0.39613157510757446
5830,1.0,0.8967056274414062,7.063983181304596e-06,0.3969898223876953
5840,1.0,0.8973432183265686,6.6641666128563055e-06,0.39855825901031494
5850,1.0,0.8969181776046753,6.289336651126691e-06,0.39957374334335327
5860,1.0,0.8973432183265686,5.937212815489042e-06,0.40105918049812317
5870,1.0,0.8973432183265686,5.6039681100077865e-06,0.4021337628364563
5880,1.0,0.8967056274414062,5.2906167388291395e-06,0.4037225544452667
5890,1.0,0.8964930772781372,4.994852183173651e-06,0.4053025543689728
5900,1.0,0.8964930772781372,4.716091992116342e-06,0.4065847396850586
5910,1.0,0.8967056274414062,4.454336014074759e-06,0.40792176127433777
5920,1.0,0.8962805271148682,4.205706884430565e-06,0.40905383229255676
5930,1.0,0.8958554267883301,3.971902595763253e-06,0.41086870431900024
5940,1.0,0.8954303860664368,3.7519603876073703e-06,0.4126146733760834
5950,1.0,0.8956429362297058,3.545220916519883e-06,0.4139978587627411
5960,1.0,0.8958554267883301,3.3491758409693327e-06,0.4153279960155487
5970,1.0,0.8969181776046753,3.165446836411772e-06,0.41641440987586975
5980,1.0,0.8967056274414062,2.9906128539940776e-06,0.41793590784072876
5990,1.0,0.8956429362297058,2.8250284713624065e-06,0.41941624879837036
6000,1.0,0.8964930772781372,2.669555549206906e-06,0.42112264037132263
6010,1.0,0.8964930772781372,2.5222934106509177e-06,0.422798752784729
6020,1.0,0.8964930772781372,2.3848385483558687e-06,0.42440932989120483
6030,1.0,0.8969181776046753,2.2542513176761403e-06,0.4263933300971985
6040,1.0,0.8958554267883301,2.128073549324561e-06,0.4274938702583313
6050,1.0,0.8967056274414062,2.012894238531134e-06,0.4290906488895416
6060,1.0,0.8960679769515991,1.9019975333426962e-06,0.43051785230636597
6070,1.0,0.8964930772781372,1.7982473382227885e-06,0.43193334341049194
6080,1.0,0.8964930772781372,1.6998442921484188e-06,0.43351227045059204
6090,1.0,0.8967056274414062,1.6053185874909946e-06,0.4354137182235718
6100,1.0,0.8964930772781372,1.5165961372850089e-06,0.43689683079719543
6110,1.0,0.8971306681632996,1.4332462022102103e-06,0.43822407722473145
6120,1.0,0.8975557684898376,1.3543564539010614e-06,0.44013023376464844
6130,1.0,0.8971306681632996,1.2810165629093871e-06,0.4419768750667572
6140,1.0,0.8969181776046753,1.2114780109768122e-06,0.44358566403388977
6150,1.0,0.8969181776046753,1.143992161517844e-06,0.4453522562980652
6160,1.0,0.8973432183265686,1.0804342951616775e-06,0.4465196132659912
6170,1.0,0.8975557684898376,1.0205003429266788e-06,0.448811411857605
6180,1.0,0.8975557684898376,9.645197375599916e-07,0.45113009214401245
6190,1.0,0.8971306681632996,9.111493672931755e-07,0.4527118504047394
6200,1.0,0.8973432183265686,8.621378199887924e-07,0.4541430175304413
6210,1.0,0.8967056274414062,8.152296632466633e-07,0.4553910195827484
6220,1.0,0.8964930772781372,7.70146114125989e-07,0.4575246274471283
6230,1.0,0.8964930772781372,7.273940345654335e-07,0.45987483859062195
6240,1.0,0.8962805271148682,6.876069897109218e-07,0.4612351953983307
6250,1.0,0.8962805271148682,6.491123747232419e-07,0.4633345901966095
6260,1.0,0.8954303860664368,6.154327290930275e-07,0.46575045585632324
6270,1.0,0.8956429362297058,5.821586133068343e-07,0.4674351215362549
6280,1.0,0.8960679769515991,5.512919586112885e-07,0.4694441854953766
6290,1.0,0.8964930772781372,5.212616015017244e-07,0.47064247727394104
6300,1.0,0.8962805271148682,4.929038072755155e-07,0.4726720154285431
6310,1.0,0.8969181776046753,4.6751102919423377e-07,0.47451886534690857
6320,1.0,0.8960679769515991,4.4166210143105543e-07,0.4756498634815216
6330,1.0,0.8962805271148682,4.189302538854005e-07,0.477021723985672
6340,1.0,0.8958554267883301,3.9797234230687525e-07,0.47868624329566956
6350,1.0,0.8956429362297058,3.783829010419858e-07,0.480221688747406
6360,1.0,0.8954303860664368,3.584640376639258e-07,0.48197096586227417
6370,1.0,0.8950052857398987,3.4282795815490974e-07,0.4834737777709961
6380,1.0,0.8945801854133606,3.2635559227391967e-07,0.48617416620254517
6390,1.0,0.8943676948547363,3.120373062039002e-07,0.48776936531066895
6400,1.0,0.8935174942016602,2.9784573416845947e-07,0.48899874091148376
6410,1.0,0.8941551446914673,2.833500627962259e-07,0.4908801019191742
6420,1.0,0.8939425945281982,2.7088175565362453e-07,0.4920293986797333
6430,1.0,0.8939425945281982,2.6059286318243156e-07,0.49414873123168945
6440,1.0,0.8933049440383911,2.495690498825857e-07,0.4958220422267914
6450,1.0,0.8933049440383911,2.407753383760705e-07,0.4976372718811035
6460,1.0,0.8935174942016602,2.3129739045599513e-07,0.499159038066864
6470,1.0,0.8935174942016602,2.2333997131514775e-07,0.5012415647506714
6480,1.0,0.8933049440383911,2.1626952653824898e-07,0.5029152631759644
6490,1.0,0.8928799033164978,2.107956327162832e-07,0.5042808651924133
6500,1.0,0.8924548029899597,2.0410532143926992e-07,0.5063362717628479
6510,1.0,0.8922422528266907,1.9908758319622213e-07,0.508396327495575
6520,1.0,0.8922422528266907,1.9495682724426638e-07,0.5110504031181335
6530,1.0,0.8926673531532288,1.901164855174405e-07,0.5130981802940369
6540,1.0,0.8933049440383911,1.849466966392715e-07,0.5148098468780518
6550,1.0,0.8928799033164978,1.8106935193546157e-07,0.5170172452926636
6560,1.0,0.8926673531532288,1.7648242986728738e-07,0.519481360912323
6570,1.0,0.8918172121047974,1.734667186732944e-07,0.5213353037834167
6580,1.0,0.8918172121047974,1.701469037922469e-07,0.5244736671447754
6590,1.0,0.8918172121047974,1.6523053418603965e-07,0.5273234248161316
6600,1.0,0.8907545208930969,1.6388740279308586e-07,0.530617892742157
6610,1.0,0.8907545208930969,1.620374285059469e-07,0.5334600210189819
6620,1.0,0.8905419707298279,1.5914842757630592e-07,0.5366680026054382
6630,1.0,0.8907545208930969,1.5714640081726857e-07,0.5402572154998779
6640,1.0,0.8905419707298279,1.5648750632123732e-07,0.5426217913627625
6650,1.0,0.8903294205665588,1.5504300571140814e-07,0.5459686517715454
6660,1.0,0.8901168704032898,1.5233139984790183e-07,0.5486497282981873
6670,1.0,0.8899043202400208,1.5081087329214087e-07,0.5516636371612549
6680,1.0,0.8896917700767517,1.5086155751388867e-07,0.555912435054779
6690,1.0,0.8894792795181274,1.489102149765991e-07,0.559459924697876
6700,1.0,0.8894792795181274,1.476937938479973e-07,0.5617015361785889
6710,1.0,0.8886290788650513,1.473390039090729e-07,0.5659032464027405
6720,1.0,0.8875663876533508,1.4799789888846654e-07,0.5677813291549683
6730,1.0,0.8877789378166199,1.4508355613796913e-07,0.5717172026634216
6740,1.0,0.885653555393219,1.424986613121947e-07,0.5760349035263062
6750,1.0,0.88544100522995,1.4077539757942517e-07,0.5806480050086975
6760,1.0,0.8841657638549805,1.39660344700974e-07,0.5824703574180603
6770,1.0,0.8843783140182495,1.3846926548990115e-07,0.5854334831237793
6780,1.0,0.8814027309417725,1.379117392440205e-07,0.5894232392311096
6790,1.0,0.8809776902198792,1.3522547534637938e-07,0.5926963090896606
6800,1.0,0.8811901807785034,1.3411042280628187e-07,0.5941432118415833
6810,1.0,0.8811901807785034,1.3340084331512302e-07,0.5977410674095154
6820,1.0,0.880340039730072,1.3274194843240186e-07,0.6006402969360352
6830,1.0,0.8797024488449097,1.3413576467547457e-07,0.6044601202011108
6840,1.0,0.8780021071434021,1.3198168510618515e-07,0.6065031290054321
6850,1.0,0.8760892152786255,1.2823105284185806e-07,0.6118453741073608
6860,1.0,0.8746014833450317,1.285605026033582e-07,0.6127491593360901
6870,1.0,0.8754516243934631,1.2683723824221754e-07,0.6149938702583313
6880,1.0,0.8743889331817627,1.2364413149872748e-07,0.6168665289878845
6890,1.0,0.8731136918067932,1.2486055591419363e-07,0.6186456084251404
6900,1.0,0.8726885914802551,1.2346674126621686e-07,0.6219747066497803
6910,1.0,0.8714133501052856,1.2123663792612652e-07,0.6238216757774353
6920,1.0,0.8701381087303162,1.1882913502463112e-07,0.6254885196685791
6930,1.0,0.8705632090568542,1.1697916634449605e-07,0.6266478896141052
6940,1.0,0.8699256181716919,1.1692848009262617e-07,0.6303302645683289
6950,1.0,0.8688628673553467,1.1132787880981033e-07,0.6342582702636719
6960,1.0,0.8690754175186157,1.1064363949607573e-07,0.6389410495758057
6970,1.0,0.8695005178451538,1.0912311516378185e-07,0.6387343406677246
6980,1.0,0.8692879676818848,1.0793203590437275e-07,0.6389577388763428
6990,1.0,0.8675876259803772,1.0691835166276209e-07,0.641505241394043
7000,1.0,0.8665249347686768,1.0240745568552836e-07,0.6427266597747803
7010,1.0,0.8684378266334534,1.0691835146941713e-07,0.6435668468475342
7020,1.0,0.8678001761436462,1.0164719240764789e-07,0.6459435224533081
7030,1.0,0.8688628673553467,1.0428277198686874e-07,0.6461726427078247
7040,1.0,0.8680127263069153,1.0261019266919197e-07,0.6455058455467224
7050,1.0,0.8678001761436462,1.0149513964573206e-07,0.6456853747367859
7060,1.0,0.8684378266334534,9.832737593150446e-08,0.6459927558898926
7070,1.0,0.8684378266334534,9.700958606938967e-08,0.6447805166244507
7080,1.0,0.8688628673553467,9.561577016467066e-08,0.6431024074554443
7090,1.0,0.8695005178451538,9.523563840488981e-08,0.6410926580429077
7100,1.0,0.8707757592201233,9.553974359036778e-08,0.63762366771698
7110,1.0,0.8724760413169861,9.429798044756458e-08,0.6352003216743469
7120,1.0,0.8726885914802551,9.290416420449188e-08,0.6260868310928345
7130,1.0,0.8735387921333313,9.252403244471104e-08,0.6185681223869324
7140,1.0,0.8743889331817627,9.189047976953626e-08,0.6148661375045776
7150,1.0,0.8748140335083008,9.232129560605616e-08,0.6038331985473633
7160,1.0,0.8752390742301941,8.775971661548066e-08,0.5992888808250427
7170,1.0,0.877577006816864,8.902682196583024e-08,0.5840713381767273
7180,1.0,0.8797024488449097,8.64165838207759e-08,0.5744280815124512
7190,1.0,0.8816152811050415,8.945763731898772e-08,0.5606961846351624
7200,1.0,0.8841657638549805,8.476934825740519e-08,0.5459558963775635
7210,1.0,0.8860785961151123,8.664466354368452e-08,0.5324608683586121
7220,1.0,0.8871412873268127,8.388237345843044e-08,0.5195784568786621
7230,1.0,0.8894792795181274,8.203239960631764e-08,0.5083509087562561
7240,1.0,0.8916046619415283,8.210842719568156e-08,0.4931456446647644
7250,1.0,0.8943676948547363,8.00557148614817e-08,0.4767889380455017
7260,1.0,0.8960679769515991,8.03598208203395e-08,0.4625247120857239
7270,1.0,0.8988310098648071,8.218445304494083e-08,0.44616422057151794
7280,1.0,0.9022316336631775,8.208308609986872e-08,0.4311952590942383
7290,1.0,0.903506875038147,7.49872951035156e-08,0.4128846526145935
7300,1.0,0.9056322574615479,7.698932181421672e-08,0.39559224247932434
7310,1.0,0.9092454314231873,7.752150536918858e-08,0.38080212473869324
7320,1.0,0.9128586649894714,7.49112694476013e-08,0.36251214146614075
7330,1.0,0.9173219799995422,7.546879516178328e-08,0.34013494849205017
7340,1.0,0.9194473624229431,7.06031105990399e-08,0.3277326226234436
7350,1.0,0.9247608780860901,7.075516176585978e-08,0.30838119983673096
7360,1.0,0.9279489517211914,6.741000540230953e-08,0.2876971662044525
7370,1.0,0.9319872260093689,7.18955575043966e-08,0.27344247698783875
7380,1.0,0.9356003999710083,6.809424331429316e-08,0.2570773661136627
7390,1.0,0.9385759830474854,6.761274238597314e-08,0.24030624330043793
7400,1.0,0.9415515065193176,6.649769032923805e-08,0.2270209938287735
7410,1.0,0.9453772306442261,6.49518222426381e-08,0.2109415978193283
7420,1.0,0.9483528137207031,6.434361075994863e-08,0.19679786264896393
7430,1.0,0.9515408873558044,6.738466338810813e-08,0.18464326858520508
7440,1.0,0.9547289609909058,6.566140134710703e-08,0.1744624674320221
7450,1.0,0.9574919939041138,6.441963793845451e-08,0.1587863713502884
7460,1.0,0.9596173763275146,6.414087396962999e-08,0.1467130333185196
7470,1.0,0.9623804092407227,6.059297697302997e-08,0.13608451187610626
7480,1.0,0.9642933011054993,6.231624198670986e-08,0.12490426003932953
7490,1.0,0.9668437838554382,6.120119058251402e-08,0.11651431024074554
7499,1.0,0.9691817164421082,5.785603042456888e-08,0.10725235939025879
